BEGIN
  INSERT INTO Alunos 
    (cpf, nome)
  VALUES
    ('43419629060', 'Sophia Prince'),
    ('21760720062', 'Oscar Vasquez'),
    ('27371532040', 'Thalia Monroe'),
    ('06364280013', 'Fay Gentry'),
    ('29951014011', 'Ian Adkins'),
    ('74458380079', 'Aaminah Hines'),
    ('72655546040', 'Luisa Barber'),
    ('71489803050', 'Subhaan Summers'),
    ('93437784064', 'Christine Mcmahon'),
    ('13642399061', 'Francis Marquez'),
    ('79697509077', 'Denis Horton'),
    ('13522967054', 'Zara Stuart');

  INSERT INTO Professores 
    (cpf, nome)
  VALUES
    ('64744916040', 'Madison Henderson'),
    ('70144135035', 'Melody Haines'),
    ('96293235088', 'Cora Hanna'),
    ('50214908003', 'Yasin Skinner');

  INSERT INTO Disciplinas 
    (id, nome)
  VALUES
    (1, 'Cálculo 1'),
    (2, 'Ética e Cidadania'),
    (3, 'Linguagens Formais e Automatos'),
    (4, 'Introdução a IA');

  INSERT INTO Turmas 
    (numero, cpf_professor, id_disciplina)
  VALUES
    (1, '50214908003', 1),
    (2, '64744916040', 2),
    (3, '70144135035', 3),
    (4, '96293235088', 4);

  INSERT INTO Matriculas 
    (id, cpf_aluno, numero_turma)
  VALUES
    (1, '43419629060', 1),
    (2, '21760720062', 2),
    (3, '27371532040', 3),
    (4, '06364280013', 4),
    (5, '29951014011', 1),
    (6, '74458380079', 2),
    (7, '72655546040', 3),
    (8, '71489803050', 2),
    (9, '93437784064', 4),
    (10, '13642399061', 1),
    (11, '79697509077', 2),
    (12, '13522967054', 3);

  INSERT INTO Provas 
    (id, cpf_aluno, numero_turma, nota)
  VALUES
    (1, '43419629060', 1, 2),
    (2, '21760720062', 2, 3),
    (3, '27371532040', 3, 4),
    (4, '06364280013', 4, 10),
    (5, '29951014011', 1, 8),
    (6, '74458380079', 2, 7),
    (7, '72655546040', 3, 8),
    (8, '71489803050', 2, 9),
    (9, '93437784064', 4, 9),
    (10, '13642399061', 1, 4),
    (11, '79697509077', 2, 5),
    (12, '13522967054', 3, 6),
    (13, '43419629060', 1, 6),
    (14, '21760720062', 2, 10),
    (15, '27371532040', 3, 10),
    (16, '06364280013', 4, 8),
    (17, '29951014011', 1, 0),
    (18, '74458380079', 2, 5),
    (19, '72655546040', 3, 5),
    (20, '71489803050', 2, 4),
    (21, '93437784064', 4, 7),
    (22, '13642399061', 1, 10),
    (23, '79697509077', 2, 10),
    (24, '13522967054', 3, 6),
    (25, '43419629060', 1, 2),
    (26, '21760720062', 2, 10),
    (27, '27371532040', 3, 10),
    (28, '06364280013', 4, 10),
    (29, '29951014011', 1, 5),
    (30, '74458380079', 2, 8),
    (31, '72655546040', 3, 6),
    (32, '71489803050', 2, 9),
    (33, '93437784064', 4, 9),
    (34, '13642399061', 1, 3),
    (35, '79697509077', 2, 19),
    (36, '13522967054', 3, 0);
COMMIT